date,username,tweet,near
2023-02-05,dankmukund,"@sakitechonline Ease, Apple Provides 6 Major Software Updates.",
2023-02-05,imalilsaiko_,people who say orange juice is better than apple juice dont brush their tongue facts,
2023-02-05,nudgecloud,@humanpilot It's Dieter Rams's world and we just live in it.  Without Rams there would be no Ive-sian Apple.,
2023-02-05,leilagriffiths,"@DoctorAnarchist Apples, lamb, carrots. (This is taking common allergies into account)",
2023-02-05,woodboroughpark,"@OliverDowding Variety of hardwoods. Oak, beech, sweet chestnut, maple, hornbeam, silver bitch, crab apple etc",
2023-02-05,adirice1,Tells us everything we need to know &amp; the payment restrictions cannot be removed  Use #SaitaPro from #Saitama it's a groundbreaking #defi wallet with it's very own #SaitaCard powered by #visa &amp; #EpayMe  Download it now in the Apple / Google play store Find out more @WeAreSaitama,
2023-02-05,andrewglynch,@allcopymel Looks like you need an apple corer corer,
2023-02-05,debramac8,@Jacob_Rees_Mogg You do spout some absolute twaddle. You ale soused apple john,
2023-02-05,caesardamexii,@AbdulWa23583324 @mtgproductionss @its_shevi Lies. No one reputable has ever said such a thing. Even Apple haters admit how iPad is the best tablet on the market.,
2023-02-05,makinov,"@MrTom Insider tip. Cause a scene in Apple and they‚Äôll usually relent. I remember when I worked there when the iPads first came out, we had a display of giant iPads in the window. Guy in there wasn‚Äôt watching his son belt around the store, son ran into display, and knocked one over‚Ä¶",
2023-02-05,vampdavegrohl,My 3 year old who usually exists purely on treats and pasta has just asked for *and eaten* a whole banana and a whole apple.   I am shook.  https://t.co/IRtomLc0sF,
2023-02-05,azraelsgaming,@Rhiiinoo_ @PubtestCom Few bad apples and all that,
2023-02-05,suckerforanime1,I never knew I would like peanut butter and apples that‚Äôs a healthy and tasty snack,
2023-02-05,itsemmanffc,Never known a dog go so mad for apples and cucumber like Gromit. He's obsessed,
2023-02-05,marbotmusholla,Apple fanboy be like:,
2023-02-05,alanasin,@acgrayling Apple powered by the CCP and slave labour.,
2023-02-05,datguyovetthere,"@mzkjnky80 @totallynotretro I get Fifa commercials for everything, from HBO Max too Apple TV too Fifa and CoD.  Doesn't matter if it's for game sales or not. IMO ads as the first thing you see is not good.",
2023-02-05,aquamarina1987,"@nathaliejacoby1 If Kopperberg can make an alcohol free version of their spiced apple cider and Spain could give me a non-alcoholic Sangria, then yes, I think I could...",
2023-02-04,xwidep,New Mix Tape  I think therefore‚Ä¶ A thought themed eclectic mix tape - January 2023  Apple -  https://t.co/h4gSpP6yMn  Spotify -  https://t.co/FZSRIFIkY2  Amazon -  https://t.co/va1ebkU7TG  https://t.co/Inbp84UknS,
2023-02-04,dcaureview,"Listen links for our review of the classic B:TAS episode, ‚ÄúTrial!‚Äù #DCAU #Batman #BTAS #DCComics   üçé Apple Podcasts:  https://t.co/pOVkxLrAtB  ‚öìÔ∏è Anchor:  https://t.co/YuW1QruJTl  üü¢ Spotify:  https://t.co/Ul7dBz7SpF  üì∫ YouTube:  https://t.co/SrpupRE4OX  https://t.co/dKKSEQVM6b",
2023-02-04,grumpygolfer79,"@mscots41 Maybe the stubble , Adams apple and meat and 2 veg give it away ü§î",
2023-02-04,spamllama,i‚Äôm so glad apple added that feature where u can select text from an image bcus it works so well /s,
2023-02-04,cyrusisconfused,"windows apple music app finally, and it works üòç",
2023-02-04,jaseybabes2002,Humming bird bakery nutty apple loaf. Much lighter than expected no idea why it had strawberry jam in it  https://t.co/cZAqcv7kfv,
2023-02-04,natangwe_,I fuckin‚Äô love that song. Can‚Äôt find it on Apple Music ü§¶üèæ‚Äç‚ôÇÔ∏è,
2023-02-04,lucylamplight,"@SoVeryBritish An apple crumble island surrounded by a moat of custard - not on top of the crumble, and I‚Äôll have that five nights in a row please",
2023-02-04,jrsknights,just ordered me a apple watch hunni   https://t.co/Ih8v733Qvh,
2023-02-04,omar99hh,Yes twitter it's an apple  https://t.co/41lp18jXmz,
2023-02-04,mrdpa,"@techedrob Hey Rob is your Apple Watch course on Udemy still valid? Also looking at Swift and iOS dev, any you‚Äôd recommend?",
2023-02-04,gazflint1971,"@howtomen Why when ios is such a janky mess, ui has been stable for a few years now puts apple to shame",
2023-02-04,neverbeyme,@ekorfz Apple?,
2023-02-04,barnesyy19,@hopeuccino @Apple Omg I was just thinking about how I haven‚Äôt done a review in a minute!! But I also have tried stopping going bc it was just so much sugar lmaooo,
2023-02-04,leonbarrington,It better be on Apple Music in time for gym tomorrow @beyonce üò°,
2023-02-04,muslimtecomar,"@EmJoServices @Girirajjhawar07 Fundamentals never changed  Perception of that has changed  Will continue to change as we progress.  Except Islam. Every thing else is adapting to it.  One might ask why! I don't want those backwards people here!  ""Bro you get robbed of your apple&amp;want their heads on a platter",
2023-02-04,vbarber11,@Bestestgundog I have been round the garden today. Found 3 snowdrops and my 1 crocus is now 2. Only planted a few packets of assorted bulbs into a rough patch of garden around the apple tree and along the blackthorn hedge. Hoping to eventually get a woodland effect.,
2023-02-04,chris_alex,@mike50004 That‚Äôs nuts. Have you checked for 0.2% vouchers? That‚Äôs how generous Apple are üò´,
2023-02-04,legioxeliquid,"Limonata Apple üçã üçè üçé    A tangy, green Apple and crisp, red Apple blended into a tall glass of traditional Lemonade from the Italian Amalfi Coast.   https://t.co/ChGLJNQz8k  https://t.co/1RzljiRmhb",
2023-02-04,8atgirl,very chill very cool apple juice is pretty yummh,
2023-02-04,8atgirl,"@CoIdCoIdHeart   HAPPY BDAY MISTER FREEZEEEE  You‚Äôre super slay, to being a year older üéâ  (mines apple juice dont worry)  https://t.co/PGdQ71in7J",
2023-02-04,earthtreeheal,I‚Äôm performing live this weekend 4th &amp; 5th Feb ‚Äò23 @lizianevents #newark Well Being Show. Thanks for listening all around the world #spotify #applemusic #womeninmusic #nottsmusic #musicians #newagemusician @AppleMusic #@Spotify  https://t.co/gMgAO8L273,
2023-02-03,nadrictvplus,@arieel33 @the_afrogeek @AppleTV @RossierFanny @Lily_s_ennuie @AppleTVPlus Girl. Really ? Come on !! Cancel your shitty Netflix and come on the dark side of the Apple üòà,
2023-02-03,johndoe41051832,@DK_Able @elonmusk If you are a paid subscriber then they have an account number to credit you back. I wonder of Apple will take a 40% cut from iPhone users.,
2023-02-03,sasquatchinabag,"I wish @AppleMusic @Apple had an music lyric overlay on apps whilst listening and browsing on the device. For example, I‚Äôm perusing a book, but wish I could read the lyrics as they appear whilst reading and listening. Is that a pipe dream? Make it happen please üôè",
2023-02-03,boycharioteer,"@Moonspinner55 I had Apple TV mainly because I just had to watch Asimov's Foundation, but I have just put this on and ""Shrinking"" appears to have Harrison Ford in it. TV series? üòÆ  https://t.co/GeuJbl7Cjz",
2023-02-03,billwnyc,RT jaybirdcom: Apple Music has expanded its catalog to over 100 million songs and has reached 935 million paid subscriptions - Click here to read more:  https://t.co/cV3QHfWVpq  https://t.co/74OEk5gW4C,
2023-02-03,addtothelist_,"Episode 3 of ""SHRINKING"" is now available on Apple TV+. It's called ""Fifteen Minutes"".  #Shrinking  https://t.co/JFPFvrzGoM",
2023-02-03,nigel73200304,@francesweetman it's called  apple,
2023-02-03,karenkmh2,@FreeStyleDiabet can you check your freestyle libre using your apple watch yet? Not just your phone ?,
2023-02-03,ioweyounathan,"As well as Satan, I'm doing apple cake and (for rhe first time) cherry bakewell",
2023-02-03,mpc_limited,"Happy #FinancialFactFriday ! Apple reported its earnings last night, making some worry over its share price potential in the future. It has seen stellar growth since its early days and many worry if that growth can continue - Did you know...  Capital at risk.  #wealthmanagement  https://t.co/F9ecmtiCMY",
2023-02-03,justwray,@aForce75756612 @imparkerburton How about I make it easier for you and watch an Apple Ad yeah  https://t.co/NKuqjztJNM,
2023-02-03,christinartnd,"@CurrysServices Hi, some of your colleagues have given us some incorrect advice regarding a oneforallcard, and we purchased an apple watch but now have a ¬£100 currys gift card. Can we go into store to return (and then re-buy it) with our giftcard?",
2023-02-03,jameswilesmusic,"@benwalshdjuk @crimsenmusic @WOStreetTracks @beatport @Spotify @AppleMusic @EastHarbourMgmt Nice this Ben, great work!",
2023-02-03,cliff_timber,I don't mean to brag about my wealth but I have just purchased the latest must-have Apple Gadget The Apple Corer  ebay ¬£2.99  https://t.co/03ozToIFhD,
2023-02-03,jxsm1ne_16,@AnneMarie @AppleMusic It has been on repeat in my pocket all day ü´∂üèª,
2023-02-03,theiosdude,Anyone else using Xcode Cloud for some CD stuff? Apple have done a great job on the integration  between Github and XC. #SwiftLang #iOSDev #DevLife  https://t.co/9L7HNn1FPp,
2023-02-03,redhoodluvr,@midtcwnn i need that long lost friend who i picked apples with in papa‚Äôs orchard copypasta to describe my feelings about him,
2023-02-03,motorlinedirect,"We LOVE our Porsche Macan here at Motorline Direct! This one has heated front seats, leather interior, reverse camera, heated steering wheel, apple car play, plus even more to adore! üöó @Porsche  üíª  https://t.co/IO0jZ0fBQI #porschemacan #motorlinedirectuk  https://t.co/c8sXHOU4lk",
2023-02-03,junxrrcarter,"Teach your phones how to spell ‚Äúfucking‚Äù , I thought it was supposed to be a SMART phone ? @apple",
2023-02-03,s_108,@followhomekit How do I pair this to my tv and watch virgin/sky tv? I know u can pair to Apple TV box (but my virgin etc doesn‚Äôt come through this)  Otherwise I‚Äôll have to have a beam for virgin and HomePod for Apple TV box,
2023-02-03,forgeinn,"Happy Friday! Something we've been waiting for since before Christmas üßê The RETURN of Giancarlo &amp; the teams weekend specials ü§© Featuring;   Saut√©ed Scallops, Chorizo &amp; Cauliflower finished with garlic butter on toast,  Frutti di Mare Tagliatelle &amp; Apple &amp; Forest Fruit Crumble  https://t.co/tlzyveIX2D",
2023-02-03,stephenbrader,@AndyH_England @TheGalox_ Tsmc doesnt save it entirely those arm cortex cores are still terrible for efficiency the a715 on 4nm is barely much faster or efficient than old a78 on 7nm and a510 too is also terrible like half as fast as apple efficiency cores while using more power,
2023-02-03,superstarbj,@leonagraham  football tip just watch all the Ted lasso  football manager on Apple TV all you problems will be solved . üëç,
2023-02-03,brennig,Apple to buy Netflix within 24 months. Stick a fiver on it,
2023-02-03,ohree_,@fancywookiee @DarkEden21 Man got hit in the head with one too many Apples,
2023-02-03,teamstaa,"Fruit tree pruning workshop for apple, pear &amp; quince üçê  Come along for a masterclass in all aspects of orchard tree care inc how to rejuvenate old trees &amp; prune new trees to achieve the perfect crop.   Sat 11th Feb 10-12:  https://t.co/Py1GFCcpj1 #workshop #allotment #pruning  https://t.co/fUPXcM2wpB",
2023-02-03,falcoretweets,"All I‚Äôve ever wanted is one of those apple corers, you know the ones that cuts the apple into segments at the same time‚Ä¶ maybe one day eh ü•π  https://t.co/KnWciFSiVU",
2023-02-03,bane_tweets,"@MandelaMinutes Apple is marketing strategy is all about Apple. They don't sell products. They sell a lifestyle!   FYI I launched Apple series 4-7, Beats by Dr Dre &amp; Apple TV Box. üòâ",
2023-02-03,bane_tweets,@MandelaMinutes Apple doesn't advertise or pay anyone for advertising. As a provider of Apple products you are supposed to pay for all marketing * advertising.,
2023-02-03,stephenbrader,@OddFair Well duh qualcomm cant suddenly clock it to 5ghz at low power to make the cortex x3 catch up to apple they have a chance to catch up with nuvia cores but there coming to laptops 1st so probably not in phone chips til 8 gen 4 all i want is them to catch up in efficiency not scores,
2023-02-02,greasybatman,going to the apple store tmrw rip my bank account when i come out with those silver airpod max,
2023-02-02,k_stalou,"Fae can identify however they like, it'll never make it true. That Adam's apple however...must be hard to look at when you try so desperately to convince everyone you are what you say you are, just because you say so!",
2023-02-02,beauchampbiz,BBC News - Apple sales in biggest fall since 2019  https://t.co/bStfM7oRNg,
2023-02-02,k8ep3,@Sonia_art9 Tiger? Stripes? Monkey? Toffee apple? Caramel? Dime bar? Kitkat? Crunchy? Cub? Munchkin?,
2023-02-02,pieorama2,@Mr_ian_B My daughter makes lovely cakes &amp; when we were in Dorset we really liked the apple cakes. If you can get or recommend a recipe I'd appreciate it.,
2023-02-02,mjsimpsonfilms,"@anon_opin I don't understand the comparison. Granny Smiths are proper tasty crisp apples, but Golden Delicious are flavourless mush.",
2023-02-02,riveracartoonz,@DarkTurtle56 @JayDubcity16 Comparing Apples to Oranges lol,
2023-02-02,himansh68242077,"@TheJakes100 @RachelReevesMP Still I haven't seen McDonald's and KFCs are boarded up. Amazon, Costa, Starbucks, Apple still making record profits.   Houses are selling (not so fast) 20% above 2020 price.   People are not as poor as you think.",
2023-02-02,middulph,"What‚Äôs the most criminally underrated item at Greggs, and why is it the Apple Danish?",
2023-02-02,isaac_c__,"@POTUS Nope, thats still capitalism. In fact, thats exactly what monopolies like Apple, Google and Microsoft want. If you truly thought that was true Mr President, you‚Äôd ensure all government computers ran on linux and everyone must use a different type of android phone. Just an idea!",
2023-02-02,pantheras90,Will you be stocking the new Apple HomePod?@currys @CurrysServices,
2023-02-02,cj_24k,The #MRXLab back for season 4 (+ video)!   Thrilled to be joined by guests from @hpyThink and @_FlexMR to discuss strategic sensemaking.  üéß Spotify:  https://t.co/qwd6GoKsjX üéß Apple:  https://t.co/DxsEg2ngW4 üéß Amazon:  https://t.co/PAsEexnwvs üéß YouTube:  https://t.co/DIkf4HcV3w  https://t.co/uTIaX2b4Pa,
2023-02-02,greasybatman,ok wait let me look into these airpod max serious because i can pick them up at the apple store tmrw üò≠,
2023-02-02,ffspod,"#210 Six foot tall &amp; full of muscle  Rob &amp; Pete look back in the transfer window, make sense of the financial news at #LCFC and also Villa (A) ü¶ä   To listen üéß ‚¨áÔ∏è  üîπ Apple iTunes:  https://t.co/EskRtvn9QE üîπ SoundCloud:  https://t.co/KXErE5SwTQ üîπ Spotify:  https://t.co/butjm0I6BG  https://t.co/u0zpxp3yyg",
2023-02-02,patsybateman666,"Starting off our 2023 garden. Garlic, onions in greenhouse. Next will be the dyeing, medicinal &amp; culinary herbs. Then spuds, carrots, sweet potatoes, cauliflower, radish, lettuce, tomatoes, cucumber, gourds, chillies, peppers. Also berries, apples, cherries, strawberries etc üòã",
2023-02-02,mariawwillis,üëèüèª @kurtmartinez Great start to #2023 #dolbyatmos @dolby @deanststudios #AmazonMusic @AppleMusic loving this by @RitaOra‚ù§Ô∏è#dancing #socialprescribing #music @keymn1 @debbiedraper70 @redhead_louise @docbecs @MichaelaTait8 @HelenHassell2 @SianB23 #myboy‚ò∫Ô∏è,
2023-02-02,saggyishyt,@apple_sen_pie The bag will be mine soon! Thank you,
2023-02-02,farhadpeerally2,"@stevenbollipo @thomanpulimood Loving the answers! Isn‚Äôt that a Java apple or wax jambu? If so, we call it ‚ÄúJamalac‚Äù in Creole/ French.",
2023-02-02,whoisgraham,@timsneath Mac OS on Apple Silicon.  Latest community edition of IntelliJ.  Thanks for taking the time to reply.,
2023-02-02,bridgetw1807,"@JenniKeer Use a small, sweet eating apple, peeled and diced, then cooked with the porridge. üëç",
2023-02-02,g__division,"Watching the end of season 1 of Lost and waiting for sunrise so I can go for a run. Thanks to Apple for still having the thing where if you wipe your phone your watch is paired to the old ‚Äòdevice‚Äô and making you wipe the Watch though, so now I have to set up Race Route again.",
2023-02-02,nobl3supr3me,@DisTrackers the fact that Big Apple Collectables is mentioned makes me wanna wait for regular release,
2023-02-02,bigslimeshitkp,Apple and the cookie,
2023-02-01,sianlewin1,@moonglowsoul We were told as children an apple tree would grow inside you üò≥ #differenttimes  #Apple,
2023-02-01,rjensen666,@kxdott I knowww im over apples for like a week.  whats ur go to snacküëÄüëÄ  im too far tho dont say me im not coming over yet lol,
2023-02-01,rjensen666,Smoked a beezy and ate 5 apples and like 1000 blueberries.   Yeah i don't feel great.,
2023-02-01,castlefacts1,@SKinnock Inept EU trougher  The apple did not fall far from the tree,
2023-02-01,wrenchyc,Ole boy lit right now üèãüèº Always wanted to get my dad an Apple Watch and just found a sweet ass deal for one. Can‚Äôt wait hand over the reigns to an old timer üï∫üèºüôÜüèº‚Äç‚ôÇÔ∏è,
2023-02-01,timhaq,@Apples_27 @LCFC I know was joking. Can‚Äôt wait to see him play in our shirt üíôü¶ä,
2023-02-01,lezahraan,Tiktok made me trade my 60$ la mer toner for apple vinegar instead. Wish me luck,
2023-02-01,emmadonaldson05,@O2 @CurrysServices @Apple i just want some Apple Airpods Max lol!!!!,
2023-02-01,dineketh,You're sleep deprived Tom. Not to mention you've not been out. No wonder the apple tree was in the wrong place ü§£ #TheArchers,
2023-02-01,dean_burt,The apple doesn‚Äôt fall too far‚Ä¶ #ringo #twins #focuspads #boxing #theboy  https://t.co/AS3cuysdHk,
2023-02-01,simplepc,"@briantong @Apple Is this San Francisco? I visited in 2005. It‚Äôs scary how time flies! I‚Äôd love to visit again but this year takes us in the opposite direction to Singapore, and the cool dome on the water Apple Store.",
2023-02-01,stephenbrader,@Def64Gamer @MKBHD Not samsungs fault if those arent supported on android the 8 gen 2 gpu is actually faster than a16 but thats because apple reused a15 gpu so that gave them the chance this year to overtake apple in gpu blame the devs for being lazy to support it on android,
2023-02-01,gothamoutsiders,‚ÄºÔ∏èü¶á AVAILABLE NOW ü¶á‚ÄºÔ∏è James Gunn DC Slate (feat. @dead_anchoress)   Spotify:  https://t.co/VqoDmFuVHn Apple:  https://t.co/1064UpIiK8 Google:  https://t.co/aKxFSOxMYB Amazon:  https://t.co/CVzcTnn05j  https://t.co/TV4DBE5xlf,
2023-02-01,markhaydock5,@morganmotor Are there any plans to make the configurator available on Apple devices?,
2023-02-01,blacksmoke1033,"Also I just don‚Äôt know what I bought? The cheesecake has puff pastry and cooked peaches on the top, like the top half on an apple pie?? Of which one slice was 1/4 of a cheesecake. The strawberry jam pastry has crumble on the top? It‚Äôs 14 inches across. Thank u bakery fairy",
2023-02-01,mikeyorton,"@currys @Apple I have specially done this today as I was off work due to having my son whilst the teachers are on strike, both myself and my son have been repeat customers of Carphone Warehouse and Currys and I feel that the service which I have received is completely unacceptable.",
2023-02-01,mikeyorton,"@currys @Apple However, Currys could only offer me vouchers whereas Carphone Warehouse would give me cash for my old phone, this seems ridiculous in the same store literally 20 yards apart! So I have done approximately 70 miles and made 2 phone calls and still have not upgraded my phone!",
2023-02-01,mikeyorton,@currys @Apple I then called your Tamworth Ventura Park store who advised me that they had them in stock. I visited the store to be told that the trade in and upgrade could not be processed due to their internet being down! I was also told that it could be done at the Currys side of the store!,
2023-02-01,mikeyorton,"@currys @Apple Thank you for your prompt reply, I called your Leicester Fosse Park store this morning to check you had a black iPhone 14 in stock, I was told yes. When I got there I was told that they only had blue, red or purple!",
2023-02-01,notts52,"@KieranCanning @celticway1888 This is comparing Apples &amp; Pears. Benfica/Porto have long attracted South American Players, as PSV have done in past. Teams like Ajax have been self developing players for +50 yrs. Portuguese &amp; Dutch Leagues are competitive and so attract Players, TV contracts vs 2 Team SPFL.",
2023-02-01,alma3wali,@missyal_alright iam the CEO of Apple. Ama dm u got a job opportunity for u ‚Äúdear‚Äù üò¨ü§£,
2023-02-01,uoncareers,"Would your dream career be to deliver projects for Apple? üìù ‚úÖ Helping to operate its complex and diverse business? Take a look at this exciting three month internship opportunity, open to multiple degree backgrounds.  https://t.co/DPzOf2gPoC #UoNHotJobs #internships  https://t.co/s9oUBk4goJ",
2023-02-01,elizawillis06,@Nikkiwenttovidc @quacksqt No fr the Motts is the best apple juice.,
2023-02-01,muhammadgaffa15,"Cool my Apple Music has just been wiped and I‚Äôve lost over 3,500 songs, let me go kill myself right now.",
2023-02-01,alanasin,@acgrayling Apple news eh? The CCP are messing with your pointy head üñï,
2023-02-01,stephenbrader,@TechHighest Genshin is more of a test of throttling and apples cooling isnt as good so it throttled more I hope s23 ultra has good cooling aswell otherwise the slight oc might be pointless,
2023-02-01,stephenbrader,@TechHighest Yeah I know its way ahead in gpu this year apple reused same gpu and gave qc the chance to beat them,
2023-02-01,joinjeremy,@maggsbrowne104 @LeroySkeete You have ¬£100 million with the knowledge you have now. Tesla stock...bitcoin...Apple...,
2023-02-01,joinjeremy,"@Vmartine1905 @LeroySkeete Victoria....you'd know to mine bitcoin, buy apple stock...Tesla...you'd have ¬£100 billion and your entire life ahead of you. You could even prevent major terrorist attacks or other crimes should you wish.",
2023-02-01,bridgetw1807,@JenniKeer Porridge with chopped apple. Sets me up for the day.,
2023-02-01,aquamarina8111,@IndyJenn_ They entered the digits of his birthday and then the computer ran with those digits. It took three days because it can only try 147 times a day. An apple thing ‚Ä¶,
2023-02-01,sam_metcalf,"@TagueMedia He wouldn‚Äôt know what an apple is, mate.",
2023-02-01,themockingcat12,"@NightingaleDina "" oh.... Would you like a piece of apple pie and a cup of coffee ? """,
2023-02-01,alice3_e,Apple ventura 13.2 has ruined my laptop üôÉ,
2023-02-01,vigiiantechris,"@ThisIsMeTanking people would rather listen on spotify or apple music, only videos that do good are songs that are big internationally",
2023-02-01,techcleanit,"We love all things tech, and cleaning a variety of IT equipment is our area of expertise. In fact we have been experts at it since the Apple Macintosh revolutionized the entire computer industry by the year of 1984...",
2023-01-31,jcampo6,@rosecaarter Yeah that's what you get for tearing an apple in half! Think of the apple! Think of the apple Rose! Did it want to be split it half? No wonder Twitter got spooked of what you did!,
2023-01-31,patrickbolger13,@TechBurritoUno i 8 sum Apple Pi,
2023-01-31,_brammers_,A cheeky meeting this afternoon from @CostaCoffee HQ ‚úåüèª - I am feeling very lucky to be back at work.  #work #coffee #teams #Microsoft365 #MicrosoftTeams #iPhone #Apple #iPad #DeadlineDay #Îî∞ÎÅàÎî∞ÎÅà_ÎèÑÏòÅÎπµ_ÏÉùÏùºÏù¥_ÏôîÏòπ #phones #drugphones #ÿ≥ÿßÿ±Ÿá_ÿßŸÑŸàÿØÿπÿßŸÜŸä #MAFSAU #NIVEACHYAxBossNoeul  https://t.co/8HsLiy5U9V,
2023-01-31,wade_in_america,Apple‚Äôs AI for the Photos app is absolutely incredible. I don‚Äôt even care if they‚Äôre stalking me and gathering disgusting amounts of personal data on me. I really don‚Äôt. It had the picture I wanted categorized AND all these jewels.  https://t.co/XGWKTi83Ok,
2023-01-31,vizsantana,"Tired of seeing that fucking Apple ad with the lizard on its back, foh wit that shyt.",
2023-01-31,supersaf,Unboxing the new @Apple HomePod 2nd Gen!  https://t.co/qVGsPOxnvZ,
2023-01-31,s_108,@theramalmedia Can you step pair this to cable TV? (Rather then just Apple TV stuff),
2023-01-31,s_108,@NikiasMolina Can you step pair this to cable TV? (Rather then just Apple TV stuff),
2023-01-31,s_108,@followhomekit Can you step pair this to cable TV? (Rather then just Apple TV stuff),
2023-01-31,scruffynerfer,@saturnitegaming @SneakEnergy I don't like sour apple. Everything else is good. Breakfast orange though is God tier,
2023-01-31,stephenbrader,@domenucakar @sondesix S20 and s21 had 4000mah though and its not really samsungs optimsation more so down to bad chips 8 gen 2 is much better but not on par with apple but thats not qc fault thats the terrible arm cortex cores especially the mid and efficiency cores those are terrible,
2023-01-31,only1daveoakley,@ukhomeoffice @SuellaBraverman I bet even her family think she's a rotten apple.,
2023-01-31,birgittesbow,"@WoTMatsPips *Shakes a very queer fist at Pips' mum* Love, apples and sugar lumps for you, best of horses.",
2023-01-31,dark98rises,@ARRAddict_Ofcl Apple Music Subscribe Pannu üòÇ,
2023-01-31,michaelvickers_,Absolute game changer - can‚Äôt wait to start making music on this. Buzzing to have been able to get a grant for it via Leicester Council. nervous walk through LC to the van carrying this around . starting to feel bad about pushing that old woman over now‚Ä¶. #apple #macstudio  https://t.co/3s7AmVEawk,
2023-01-31,joejoesbakes,It's great to team up with our local community group Croft Good Neighbors again this year to provide the cupcakes for their users. These were a cinammon spiced cupcakes with a apple compote center topped with a fondant Snowdrop which is over of the flowers for January  https://t.co/EP51HgbdY9,
2023-01-31,supersaf,Everything you need to know about the @Apple HomePod 2nd Gen in under 1 minute üòé  https://t.co/TDqsO5ax1P,
2023-01-31,arc_em,We are pleased to announce #funding for a @ARC_EM #PhD studentship!  üéìPhD to complement our existing work programme üéìAward will be made at UKR&amp;I Home rates üéìApplications close 01.05.23   Apple here:  üîó https://t.co/2wfw5G9lx4  #HSR #EastMidlands #postgraduate #research  https://t.co/X0uITgBwsj,
2023-01-31,leendorm,"My favorite activity is studying my preferred brands in class every day. If you are familiar with me, then you are aware that I have always been passionate about Coca Cola, Apple, and Cadbury brands, and I have the opportunity to delve into them on a daily üòçü•∞üíÉ",
2023-01-31,_apexnow_,@TechBurritoUno I ate Apple pi and it was delicious,
2023-01-31,richgascoigne,@VodafoneUK Can I get some help on re-adding my one plan to my cellular Apple Watch ultra?,
2023-01-31,damienmcferran,@Captain_Pixel @RetroGamer_Daz @AppleMusic Are there are options for uploading / streaming your music that aren't garbage?,
2023-01-31,damienmcferran,"@Captain_Pixel @RetroGamer_Daz @AppleMusic The way these huge companies treat their customers is quite annoying. I uploaded all of my music to Google Music (and bought a bunch of stuff on it, too) only for them to shutter it and port it all over to YouTube Music, which is a much worse service",
2023-01-31,connectedsys,The first iPhone cost $499 when it was released in 2007? The latest iPhone 14 starts at $829 ‚Äì that‚Äôs quite the jump. Where will phone pricing go next? #Apple #iPhone #PriceRise  https://t.co/iWAeu9afNw,
2023-01-31,spread72,"@greg_jenner It‚Äôs fantastic!  Binged both series in a week. Can‚Äôt say the same for the Apple TV+ app through sky Q though, glitching and sending me to another episode or back to the beginning. üò°",
2023-01-30,stuartdessler,@ianzelbo I‚Äôve never ever heard anyone say any of those Apple words for non Apple things‚Ä¶ ever‚Ä¶,
2023-01-30,mychaelnsalmon,@nbtruth1 @piersmorgan It is just bad apples.. yet it seems these bad apples have a particular target don‚Äôt you think. Do the maths on how often other groups have been treated I. The same manner,
2023-01-30,shokermotion,@A_W_M_B I have a Samsung Galaxy most days which is great and looks good too (unless you're an Apple iPhone user lol.) Or Fitbit? Both are half the price of an Apple watch,
2023-01-30,emmadonaldson05,@CurrysServices hi. I‚Äôm just wondering if you could tell me when you are getting more stock of the Apple AirPods Max please.,
2023-01-30,emmadonaldson05,@O2 I am just wondering if you could tell me when you are getting some more stock in of the Apple AirPods Max please.,
2023-01-30,maindeleger,@DavidCl91335700 @di_a__n_a You set me it the right direction! Wormy apple =9. Wormy 6-leaf=9. (3x9)-9=18,
2023-01-30,defy_norm,"Harrowing images of cobalt mines in Congo where kids dig for $2/day  They dig for cobalt, the chemical element that is used in almost every tech product on the market today  Apple, Tesla, Samsung and Microsoft are the other end of the complex supply chain  https://t.co/0EtOcDdmBu",
2023-01-30,sjjc16,"Have just changed phones which means I'm looking for a music streaming app, ideally a free one, was looking at Tidal. Anyone know if they do a free version, not bothered about ads, just don't want to lose my library like I have with Apple Music because it's behind a paywall.",
2023-01-30,marsh2525,"Eli Apple been quiet lately, you dish all that shit out, people would have respected you more if you took it and fought back, just makes them even more of an unlikable team",
2023-01-30,faizolana,She said return the Apple Watch üòÇüò≠,
2023-01-30,cjohno1990,@karimmcfc You don‚Äôt need his bad/negative energy around the club upsetting the apple cart. Had to go ASAP. Pep made the right decision to axe him. No player is bigger than the football club.,
2023-01-30,notthatshaz,"Haven't used Apple TV in like a month. Popped on to cancel my subscription before my trial is up and there's a new season of Servant üò≠ back to an Apple TV binge.  Seriously though, the worst streaming app followed by Paramount+",
2023-01-30,photographer307,"@ylihao @ianzelbo Apple Watch Ultra Mini, that name would be too long imo.",
2023-01-30,bankzynffc,@_K8HG @Wrightreportt Wasn‚Äôt the cigar reference towards Apple ect who were lighting cigars after the Bills game?,
2023-01-30,photographer307,@ianzelbo ‚ÄòApple Watch Pro‚Äô is what I think the name of the smaller one would be.,
2023-01-30,thestockjoker1,@hlhbee Apple auto correct is really something else. I myself have DUG holes*,
2023-01-30,viciouspanda,"option/right-clicking on a clock/calendar should elicit in the menu ""copy date+time"" (+maybe location, if you are a sucker who shares that with the world). Not sure how many devices, OS revisions do this.  MY IDEA‚Ñ¢¬Æ=PAY ME! @Windows @Android @Apple @SamsungMobile @LineageAndroid",
2023-01-30,l0usilver,"Apples are one of your five-a-day, right?  https://t.co/LEYn11Q0Fn",
2023-01-30,freezemysnowbal,We have 1000s of reviews across üá¨üáß and America üá∫üá∏ Snowball is TripAdvisor for the disabled community. Download the app now.  ‚ÄòWhere will your Snowball journey take you today?‚Äô  Apple  https://t.co/NgaKhRiJlT Android  https://t.co/5FUmCzTmko  https://t.co/IcKSvKLAlF,
2023-01-30,timdnottingham,@Tesco can someone explain why the contactless readers in-store are so terrible at picking up apple pay and Google pay signals? I'm having to remove my phone from its case to pay with my pixel 6 which is now causing damage to the case!,
2023-01-30,stephenbrader,@_furnx @TheGalox_ In gpu performance its faster thats what he said before the cpu would have no chance of catching up until nuvia cores come to mobile probably not til 2024 or 2025. The gpu is only faster because they had to reuse the same gpu in a16 so it gave qc the chance to overtake apple,
2023-01-30,stevepa58141908,"@BadVaccineTakes There's a much, much longer list floating around somewhere which shows the chemical composition of an apple.",
2023-01-30,weiiiwonder,listening to fiona apple to purposely put myself in a bad mood,
2023-01-30,ranger_z14,Eli Apple awfully quiet ü§´ü§£ #NFLPlayoffs,
2023-01-30,intrepidusone,"@BlackkBoye @Confusingqt ... don't be scared but as Lucas said be careful and don't be stupid and you will be fine, anyone going Sight seeing that isn't a Londoner or at least from the UK be smart with what you take out with you  For example: you don't need a Apple Watch on for going to see the palace",
2023-01-30,nbs_ntu,"Have you listened to our latest podcast yet? üéô  This episode is a discussion with three female leaders who say there needs to be a culture change to address gender gaps in the workplace.  Listen:  https://t.co/v0GyvayTaZ  Also available on Spotify, Apple and Google Podcasts.  https://t.co/6Hq7IugjGI",
2023-01-30,makinov,We cleared @MoranEmma #Extraordinary over the last 3 days and loved it. Season 2 can‚Äôt come soon enough after that cliffhanger! @wildsocialuk spent last night putting a playlist together of the music featured in the show on Apple Music  https://t.co/B0p33WtvsJ,
2023-01-30,moatcollege,"Moat have partnered with Weduc to provide a communication app that cuts through the noise of emails, texts, letters and phone calls. @WeducUK  Find out more and download it for free on Apple  https://t.co/ICBXRf7ntI or Android  https://t.co/2MpVv2J89C  https://t.co/710jZ7LTf0",
2023-01-30,tyliebs,Eli Apple can go to Cancun now!,
2023-01-30,khozaleroi,They need to start cooking Eli apple,
2023-01-30,aliveforevr,Thank God for the eli apple jinx,
2023-01-30,woods_thetiger,Let the roast of Eli Apple begin,
2023-01-30,gothamoutsiders,‚ÄºÔ∏èü¶á AVAILABLE NOW ü¶á‚ÄºÔ∏è Interview with @MarcusTo   Spotify:  https://t.co/OdWwVi3OFf Apple:  https://t.co/rIbqWW9iVp Google:  https://t.co/RuBF15G7TM Amazon:  https://t.co/Ju3aD7pORV  https://t.co/43WhR6slb7,
2023-01-30,thickkyypiggyy,I do love a Eli Apple fuck up tho,
2023-01-30,clssique,Eli Apple has the worst timing on and off the field bruh,
2023-01-30,mack_attack52,eli apple is ass‚ò†Ô∏è,
2023-01-30,jacknap69203843,@JayRodDogg @KevZCastle As for Chyna. Apple to Oranges. There was no Women‚Äôs division in her time. And when there was one she barely wrestled in it.   Also face the facts. Chyna got over because a lot of the men put her over.,
2023-01-30,westknighton,@lxthrdg I brought my iphone X into an Apple shop to get the battery checked - they said it was faulty but there were too many other faults to repair it so for the cost of a new battery (¬£64 I think) they replaced the whole phone for a new iPhone X.,
2023-01-29,itaintwhoitis,Eli Apple bout to get Player of the Game,
2023-01-29,joylessdave,@powerm1985 Don't touch apple with a barge poll.   Get your self a decent pc and learn davinci resolve for editing,
2023-01-29,nffc1975,"@DonaldJTrumpJr Wonder what would happen if all Memphis police walked out due to defunding, the town would resemble the Purge You need the police, there's bad apples in all carts but remember they aren't all bad Teachers aren't all pedophiles and doctors/nurses aren't all murderers so all cops..",
2023-01-29,zbrag101,"@Brad02928140 @the_only_andy @saiyan_hylian @IGN You said she shouldn't call those bad apples out,  Why are you defending the bad apples if they are not the majority of the fanbase?  https://t.co/OOu6mWRbhS",
2023-01-29,zbrag101,"@Brad02928140 @the_only_andy @saiyan_hylian @IGN ""Theyre a fans of the show""  If these are fans of the show, then they are horrible people,  What kind of fanbase harass and attack an actress for not wearing revealing clothes?  Each fanbase has it's bad apples, sure,  But are you saying all Cowboy Bebop fans are bad apples?ü§®",
2023-01-29,cornerofcraft,"@AGamerCrafting I used to love making green apple, pineapple, and cucumber juice. Maybe some extra greens if we had them. So delicious and refreshing.",
2023-01-29,marcie4loc,Apple cider tablets. Anyone tried them?  My review after a month of taking. Improved skin.  https://t.co/GmNCcaoaMN,
2023-01-29,bella_salty,Red Crystal Apple Keyring - Etsy UK #apple #sparkle #valentines   https://t.co/Q0BdDPMWPV,
2023-01-29,jlwarlow,"@TheGalox_ Apple Watch, Apple TV, iPad and AirPods all working together really easily. If I have issue with any just pop into Apple Store, done need to send phone away for a few days. If it‚Äôs bad get instant replacement and phone restores from iCloud better than anything else I‚Äôve seen",
2023-01-29,plustovell,"Slow roast belly of pork, crackling, apple sauce, gravy. Mashed potato, cabbage, carrots, roast beetroot. Bottle of C√¥tes de Bourg.  https://t.co/mi8XxYlZSQ",
2023-01-29,tim_aikin,@henryfenbytaylo That's 4 apple trees in our little orchard now,
2023-01-29,rutty_uk,"Liv Sin - Kali Yuga  Unfamiliar with Liv, but jeez does she have some pipes! Heavy rock with a metal edge. Liv providing everything from growls to soaring Doro-esque crooning. I'm enjoying my random Apple Music picks!   https://t.co/qhsomrbxpP",
2023-01-29,jetectivetomics,robin jason todd it seems i've grown quite fond of you though there are no sexual urges or desires you come to me as a long lost friend whom i once picked apples with in papa's orchard  https://t.co/0y8C2rDwkz,
2023-01-29,tim_aikin,@henryfenbytaylo coxs orange pippin apple.  https://t.co/SEsgQ1mKi2,
2023-01-29,jovial_jester,FUCK @Apple  FIX YOUR GOD DAMN FACETIME BUGS,
2023-01-29,leilagriffiths,@NaturallyFTW I try to do the same for my kids. Especially apples and grapes. But I understand they can pee some of it out so it isn't worth getting seriously broke over,
2023-01-29,pidgepie,@SoVeryBritish Kicked away a crab apple fell and broke my wrist.,
2023-01-29,laurawr0,@JazzAppleUK Love a Jazz apple,
2023-01-29,elizawillis06,Um? Just because pee kinda looks like apple juice does not mean I have a piss kink.,
2023-01-28,malvikajaganmo1,"If you haven't already caught up, @Maddie__Whelan2 and I have recorded the latest ep of @PEmbarrassing: a bumper case law episode to get you on top of your CPD in the new year! Check it out on Apple Pods, Spotify or wherever you listen to your podcasts.   https://t.co/2aSLF2CeC5",
2023-01-28,melandgim,@complete_tripe We‚Äôre on apple and all the others‚Ä¶  https://t.co/EBXwVspdSt,
2023-01-28,nottscider,@immortaljohn üôÇ 'Gribble' is a term used for an apple tree sapling that grows from an apple pip? So noun rather than verb. üëç,
2023-01-28,sofrolushes,Reading apple health and thankful my earphone volume average has gone down. As for the other stuff so much to read and understand. I just need to exercise more move more and shift some fat,
2023-01-28,priestwendy,@rev_heather You are the second person in these thread to blow my mind with the revelation that people have cheese on apple pie! Have you met @ImogenSD üòâ I feel my eyes have been opened to a whole new culinary paradigm.,
2023-01-28,dcaureview,"Listen links for our latest review, where we chat about 2 more Zeta episodes! #DCAU #BringBackZeta  üçé Apple Podcasts:  https://t.co/aUpLDhzMhe  ‚öìÔ∏è Anchor:  https://t.co/YuW1QrvhIT  üü¢ Spotify:  https://t.co/KBNd1Cv2UL  üì∫ YouTube:  https://t.co/GfFiTe41qX  https://t.co/zqDRjtG1Sd",
2023-01-28,jrsisson1978,"@Rainmaker1973 Never mind the boat, what‚Äôs happening with that apple?",
2023-01-28,bodega_papi_219,Cookie n Apple juice -Cam'ron #poojams,
2023-01-28,stephenbrader,@MrCrapHead @sondesix Samsung has added camera features of new phone in the past to the previous model like night mode and portrait mode video came to the old model with update but apple keeps it exclusively for new model to make u buy it even though the older model would easily handle the feature,
2023-01-28,stephenbrader,@MrCrapHead @sondesix Each new chip isp enables them to do better proccesing without having a long shutter lag or delay proccesing it and the s21u zoom didnt get updated to make it as good as s22u there in the business of selling new phones but there not as bad as apple when it comes to this,
2023-01-28,nottscider,"Spent morning lifting various #apple #trees, gribbles, self-set #Damson &amp; #Hazel out the garden, &amp; carting them over the road to plant up a project with the Hucknall Wildlife Group. Next is to lift &amp; split the rare Welland Valley Rhubarb. Need a few of these first - flagging! ü´§  https://t.co/IGL3NQffVV",
2023-01-28,tidy_trees,"Trimming a mixed hedge, Conifer hedge and pruning 2 Apple trees for a regular customer in Bradmore Nottingham. #TidyTrees #TreeSurgeonNottingham  https://t.co/FEcG7dnGAC",
2023-01-28,matthewwalne,"@stevemartincfp @Apple I don‚Äôt use Unipass but don‚Äôt want to have to write to every business to update my office address, if only Ô£ø could do that!",
2023-01-28,shipmanshots,Have Apple stopped doing iPods? #apple #ipod #ipodtouch #appleipod #music #applemusic,
2023-01-28,thefazed,"OUT A WEEK ON MONDAY - 6TH FEB! (On all major platforms - Spotify, Amazon Music, Apple Music, ITunes etc)  https://t.co/r1B5hbjof2",
2023-01-28,andy_kingdon,@SustainableTall That's comparing apples with escalators. Nuclear storage involves  very bespoke subsurface facilities which by definition have multi-decade length construction in unforeseeable conditions. Solar farms are system built from uniform components on the surface.,
2023-01-28,mobile_apps99,Apple makes app pricing more flexible on App Store  https://t.co/NB0BB0KwJK,
2023-01-28,cozmologyy,@sneaky_eclipse Apple Music &gt;,
2023-01-28,g__division,Not even I‚Äôm as stubborn as Apple gatekeeping personalised ringtones and alerts in 2023.,
2023-01-28,prateekm1,"‚ÄúThe nitrogen in our DNA, the calcium in our teeth, the iron in our blood, the carbon in our apple pies were made in the interiors of collapsing stars. We are all stardust. The cosmos is within us. We are a way for the universe to know itself.""‚Äï Carl Sagan, Cosmos.  https://t.co/ruPPP5I0t6",
2023-01-28,bankzynffc,"@JasonBucklen @LanceTHESPOKEN Everyone knows Arrowhead is the loudest stadium, with what Hilton is saying, how arrogant chase is and what Eli Apple was saying last year the Chiefs fans will be up for it. Ask Lawrence what happened after his comments, bro could barely hear himself think",
2023-01-28,rondc27,"@ACTBrigitte Finish that saying. It‚Äôs meaningless unless you say the whole thing.   That‚Äôs goes, ‚ÄúA few bad apples spoil the bunch‚Äù.  The saying has had variations for centuries. But you‚Äôre missing the point of the meaning.  https://t.co/t6P4Sczez8",
2023-01-28,ziggy__mercury,Didn‚Äôt properly wash the washing up liquid out my bottle so I‚Äôm enjoying strawberry and apple dilute with a hint of fairy liquid üòçüòç,
2023-01-28,javathebuni,@ScribblesCreme Apple cat cat meow,
2023-01-27,leicestermark,@JordanLukeGage Carvery followed by apple crumble. All the stodge please üòÜ,
2023-01-27,gautrek,"@theJeremyVine @Lord_nikon0131 @Sh3zz4 @monsieurballard @LdnRiders @MikeyCycling @MarinaPurkiss @feckitdotcom @betterstreetskc @katherinedunne @willnorman @mzdt You really are an angry man aren't you. I thought you said the taxi was parked. So what is the problem eating an apple? Why do you filter down the side of buses , trucks and vans? I never do when filtering on my motorcycle. Too dangerous I'm afraid. Too many blind spots",
2023-01-27,ruth_willott,"@Apple Not impressed. Lost Apple ID. Used the appropriate website - promised to send me a text (3 weeks later) - no text sent. Rang apple support, who made me do the entire above again and still no text sent. Have new computer that I can't use because no apple ID.",
2023-01-27,thechamppod,NEW EPISODE FROM OUTTA NOWHERE!  Go behind the scenes with @antmcginley and @damienstjohn and explore the flip side of the ring.     üçé Apple  https://t.co/rxDoJMgUV2  üü¢ Spotify  https://t.co/PokzsCdtWt  https://t.co/93iIAz0svI,
2023-01-27,priestwendy,@ImogenSD Cheese or hot cross bun on apple pie?! My mind is boggled.,
2023-01-27,mm_l_007,@jimcramer $AAPL next. The short squeeze on Apple will cause hair growth on Jim.  https://t.co/YYEth5XKXn,
2023-01-27,mm_l_007,@NorthmanTrader Apple will beat that next $AAPL,
2023-01-27,angelabolster,@AshleyCourtTV @Apple @lawyerschiff @jackrice On fire @AshleyCourtTV @lawyerschiff @jackrice  https://t.co/JIKhQl347q,
2023-01-27,xgokiickrockszx,The money you spend on Netflix makes Netflix rich  The money you spend on a new iPhone makes Apple rich.  Your bills make other people rich.  When are you going to start buying assets for yourself and making yourself rich?  Assets make you rich.  Act accordingly. üëè,
2023-01-27,stephenbrader,@HitThemHiigh @UniverseIce @rquandt Then you will never get the max brightness apple probably has higher max brightnees without auto brightness enabled but they both are the same afaik where it will activate a secret higher brightness mode if u have auto brightness enabled just enable auto brightness when outdoors,
2023-01-27,gooii_design,"What are your predictions for #AR &amp; #VR in 2023? In our latest blog, Gooii Director Phil outlines the top #XR trends for this year and what they might mean for Gooii‚Äôs clients, from Apple‚Äôs long rumoured AR headset to the exciting possibilities of #WebXR   https://t.co/tXoV4ugUo8  https://t.co/DFsQ118U7t",
2023-01-27,jack__jonas,"Mad that Apple tell you in store they can‚Äôt repair weather damage but insurance companies seem to think they can (and fail, twice) üôÑüôÑ",
2023-01-27,nobl3supr3me,@DisTrackers Big Apple deserves to be liquidated for how bad their business is,
2023-01-27,shadesking,@milltownbros @LlSTENlNG_PARTY Slinky is a ridiculously brilliant album. Apple Green just sneaks in as my favourite track üëçüèª‚ô•Ô∏è,
2023-01-27,keith53500291,@AngelaRayner Why should taxpayers have to fund your apple products which are not cheap,
2023-01-27,psscattergood,"@FeastFish Good question.  I'd say burrito, French fries, apples, vegan wine gums and doughnuts.",
2023-01-27,connectedsys,"Last month, Apple announced the winners of its annual App Store Awards. Will any of these take over your life? #Apple #AppStoreAwards #AppWinners  https://t.co/TgKO7d6xJU",
2023-01-27,matt_trickytree,@Tommypolee One bad apple out of 23 isn't bad going. He is utterly useless from what I've seen of him.,
2023-01-27,_tanyaartist,"Buy shares to PLT, APPLE AND TESLA ü§ó",
2023-01-27,d16584667,@DrAnitaBEtin Because obese is a descriptive word describing a persons state of health. The N word is a straight racist insult. Apples and pears,
2023-01-27,ffspod,"#209 One In, None Out  Rob &amp; Pete bemoan the lack of transfer activity and the continuation of #LCFC poor form with deadline day approaching!   To listen üéß ‚¨áÔ∏è  üîπ Apple iTunes:  https://t.co/EskRtvn9QE üîπ SoundCloud:  https://t.co/KXErE5SwTQ üîπ Spotify:  https://t.co/butjm0I6BG  https://t.co/PJXMclASYw",
2023-01-27,plustovell,@britsymphcup @OsakaPhil @BBCNOW The whole symphony is available on Apple Music right now,
2023-01-27,dohndoggett,@kashmechanel I ironically I scrolled past one in my Apple playlists earlier. Had a pic of the female I was with and everything. üòÇüòÇüòÇ,
2023-01-27,rondc27,@allitude You could contact Apple Care and learn how to store the audio file somewhere else,
2023-01-27,wayneetech,"Apple Events won't be same without his tweets‚òπÔ∏è Such a great tech mind.. RIP @muppathimoonu_  ""Switch to Linux""...",
2023-01-27,murcielagoman12,@fromlos With apple cider ?,
2023-01-27,silverdtb,@eyesonisiss GREAT ANSWER !!! ( me when i see apple juice)  https://t.co/HWWeOJ7xmH,
2023-01-26,jamesswain92,@GaryMarriott73 @emilybastow_ They have mistaken that for 2 pints of apple juice ü§£ hope your good mate üëç,
2023-01-26,stevecampsall,@RevRichardColes Apple‚Äôs headphones (uniquely?) cut out and TV and conversation nigh on completely. They amazed me.,
2023-01-26,pray4thebatman,@Project_Veritas Now you have an excuse to ditch Apple and get an Android tablet. :p,
2023-01-26,jakatta75,@VaxxersAnti Why was she passing her neighbour an apple?  https://t.co/q9ybmLQtLh,
2023-01-26,rickeaglestone,"@wts90sglory The Sour Apple &amp; Drumsticks are good, will have to look out for the wham one",
2023-01-26,adirice1,"@miltonterareum It's a graphic, virtual cards on apple and Google pay first and then physical cards are being issued a few months later, ordered mine, can't wait to beginning using it, groundbreaking ü§üüê∫",
2023-01-26,itsemmanffc,@robbowwfc Reiss will probably say I can't read apple maps eitherüòÇ,
2023-01-24,junxrrcarter,Why was my Apple Music EQ set to Latin üò≠üò≠üò≠üò≠,
2023-01-23,mrsmithinnotts,@la_bonj I always loved the cog wheels settings look. Similar the tape recorder animation for the early Apple podcast app.,
2023-01-17,sirwaltonofsmeg,@beyondnrg Apple products,
2023-01-17,jimbouk1980,@every_daydad well done for making it into the Apple news promo video! ‚ÄúYou want silence?‚Äù,
2023-01-16,swartz_ballcast,"Listen to ""Arsenal derby masterclass | United ensure Manchester is RED | Chelsea's spending spree | ManUnited confirm Weghorst loan deal ""  https://t.co/jkhEsGOtpg on SPOTIFY  https://t.co/ddgnoXAjak on APPLE PODCASTS  https://t.co/KSyC10FnJl on GOOGLE PODCASTS Kindly stream &amp; share  https://t.co/q7wbPMZOOR",
2023-01-16,jonfireuk,"The CHL era was some of my favourite Panthers memories, seems like a bit like the failed football super league where they don‚Äôt want minnows to upset the apple cart üëé",
2023-01-15,rosstarbard,@Haro1J @rearlamp @IanDunt Yeah the updates have rolled out for Apple and not Android. Wondering how long I can go without updating,
2023-01-12,parmjitsagoo,This week‚Äôs coping mechanisms‚Ä¶watching pandas playing in snow and porcupines eating apples!   #producerlife #wellbeing,
2023-01-11,junxrrcarter,"Apple Music pissing me off, where the fuck has bags and boxes 3 gone ? Never even had 2 on it . KMT",
2023-01-11,gemilouisexo,@megggggggggie Its a samsung - cant work apple phones to save my life üòÇ,
2023-01-07,clivebagley,@fabulucy Don't trust Apple anything.,
2023-01-06,tracyoshea10,@DavidHarpham77 The apple doesn't fall far from the tree as they say!,
2023-01-04,morg_gracexo,Any apple breaking moment is a favourite jongho momentüò≠  https://t.co/DIyKDc5li3,
2023-01-02,ponyponypony4,Eep! Beyond the Ice Palace. Forgot all about the killer apple cores.,
